{"cameraMode":{"drawMode":0,"name":"Shaded","section":"Shading Mode"},"sceneLighting":false,"audioPlay":false,"sceneViewState":{"showFog":true,"showMaterialUpdate":false,"showSkybox":false,"showFlares":true,"showImageEffects":true,"showParticleSystems":true},"in2DMode":false,"pivot":{"x":0.5113033056259155,"y":1.13900625705719,"z":-0.2883133888244629},"rotation":{"x":-0.08733455836772919,"y":0.9126656651496887,"z":-0.2826300859451294,"w":-0.28201958537101748},"size":0.4762383699417114,"orthographic":false}